<?xml version="1.0" encoding="UTF-8"?>
<beans:beans xmlns="http://www.springframework.org/schema/mvc"
	xmlns:xsi="http://www.w3.org/2001/XMLSchema-instance"
	xmlns:beans="http://www.springframework.org/schema/beans"
	xmlns:context="http://www.springframework.org/schema/context"
	xsi:schemaLocation="http://www.springframework.org/schema/mvc https://www.springframework.org/schema/mvc/spring-mvc.xsd
		http://www.springframework.org/schema/beans https://www.springframework.org/schema/beans/spring-beans.xsd
		http://www.springframework.org/schema/context https://www.springframework.org/schema/context/spring-context.xsd">

	<!-- DispatcherServlet Context: defines this servlet's request-processing infrastructure -->
	
	<!-- Enables the Spring MVC @Controller programming model -->
	<annotation-driven />

	<!-- Handles HTTP GET requests for /resources/** by efficiently serving up static resources in the ${webappRoot}/resources directory -->
	<resources mapping="/resources/**" location="/resources/" />

	<!-- 타일즈 설정 -->
	<beans:bean id="tilesConfigurer" class="org.springframework.web.servlet.view.tiles3.TilesConfigurer">
	<!-- 클래스에 빨간줄 쳐지면 . 디펜던시 ->해당하는 jar을 펼져서 -> 해당하는 이름명과 일치는 파일있는지 보기 ->파일명 일치하게 변경해주기 --> 
		<beans:property name="definitions">
			<beans:list>
				<beans:value>classpath:tiles/*.xml</beans:value>
				<!-- /booksajo/src/main/resources/tiles/tiles.xml -->
			<!-- 위에 경로 루트가. src.main.resources가 앞에 붙나보다 -->
			</beans:list>
		</beans:property>
		
		<beans:property name="preparerFactoryClass"
			value="org.springframework.web.servlet.view.tiles3.SpringBeanPreparerFactory" />
	</beans:bean>

	<beans:bean id="viewResolver"
		class="org.springframework.web.servlet.view.UrlBasedViewResolver">
		<beans:property name="viewClass"
			value="org.springframework.web.servlet.view.tiles3.TilesView"></beans:property>
	</beans:bean>
	
	<!-- Resolves views selected for rendering by @Controllers to .jsp resources in the /WEB-INF/views directory -->
	<beans:bean class="org.springframework.web.servlet.view.InternalResourceViewResolver">
		<beans:property name="prefix" value="/WEB-INF/views/" />
		<beans:property name="suffix" value=".jsp" />
	</beans:bean>
	
	<context:component-scan base-package="com.tech.booksajo" />
	
</beans:beans>
